Student,Study Hours,Attendance,Result
S1,Low,Poor,Fail
S2,High,Good,Pass
S3,High,Poor,Pass
S4,Low,Good,Fail
S5,High,Good,Pass
S6,Low,Poor,Fail
S7,High,Good,Pass
S8,High,Poor,Pass
S9,Low,Good,Fail
S10,High,Good,Pass
S11,Low,Poor,Fail
S12,High,Good,Pass
S13,High,Poor,Pass
S14,Low,Good,Fail
S15,High,Good,Pass
S16,Low,Poor,Fail
S17,High,Good,Pass
S18,High,Poor,Pass
S19,Low,Good,Fail
S20,High,Good,Pass
S21,Low,Poor,Fail
S22,High,Good,Pass
S23,High,Poor,Pass
S24,Low,Good,Fail
S25,High,Good,Pass
S26,Low,Poor,Fail
S27,High,Good,Pass
S28,High,Poor,Pass
S29,Low,Good,Fail
S30,High,Good,Pass
S31,Low,Poor,Fail
S32,High,Good,Pass
S33,High,Poor,Pass
S34,Low,Good,Fail
S35,High,Good,Pass
S36,Low,Poor,Fail
S37,High,Good,Pass
S38,High,Poor,Pass
S39,Low,Good,Fail
S40,High,Good,Pass
S41,Low,Poor,Fail
S42,High,Good,Pass
S43,High,Poor,Pass
S44,Low,Good,Fail
S45,High,Good,Pass
S46,Low,Poor,Fail
S47,High,Good,Pass
S48,High,Poor,Pass
S49,Low,Good,Fail
S50,High,Good,Pass
S51,Low,Poor,Fail
S52,High,Good,Pass
S53,High,Poor,Pass
S54,Low,Good,Fail
S55,High,Good,Pass
S56,Low,Poor,Fail
S57,High,Good,Pass
S58,High,Poor,Pass
S59,Low,Good,Fail
S60,High,Good,Pass
S61,Low,Poor,Fail
S62,High,Good,Pass
S63,High,Poor,Pass
S64,Low,Good,Fail
S65,High,Good,Pass
S66,Low,Poor,Fail
S67,High,Good,Pass
S68,High,Poor,Pass
S69,Low,Good,Fail
S70,High,Good,Pass
S71,Low,Poor,Fail
S72,High,Good,Pass
S73,High,Poor,Pass
S74,Low,Good,Fail
S75,High,Good,Pass
S76,Low,Poor,Fail
S77,High,Good,Pass
S78,High,Poor,Pass
S79,Low,Good,Fail
S80,High,Good,Pass
S81,Low,Poor,Fail
S82,High,Good,Pass
S83,High,Poor,Pass
S84,Low,Good,Fail
S85,High,Good,Pass
S86,Low,Poor,Fail
S87,High,Good,Pass
S88,High,Poor,Pass
S89,Low,Good,Fail
S90,High,Good,Pass
S91,Low,Poor,Fail
S92,High,Good,Pass
S93,High,Poor,Pass
S94,Low,Good,Fail
S95,High,Good,Pass
S96,Low,Poor,Fail
S97,High,Good,Pass
S98,High,Poor,Pass
S99,Low,Good,Fail
S100,High,Good,Pass
